{
  "baseline": {
    "model": "Logistic Regression",
    "accuracy": 0.8245,
    "precision": 0.14177215189873418,
    "recall": 0.8235294117647058,
    "f1_score": 0.24190064794816415,
    "roc_auc": 0.9069921446839605,
    "confusion_matrix": [
      [
        1593,
        339
      ],
      [
        12,
        56
      ]
    ],
    "classification_report": {
      "0": {
        "precision": 0.9925233644859813,
        "recall": 0.8245341614906833,
        "f1-score": 0.9007633587786259,
        "support": 1932.0
      },
      "1": {
        "precision": 0.14177215189873418,
        "recall": 0.8235294117647058,
        "f1-score": 0.24190064794816415,
        "support": 68.0
      },
      "accuracy": 0.8245,
      "macro avg": {
        "precision": 0.5671477581923577,
        "recall": 0.8240317866276945,
        "f1-score": 0.5713320033633951,
        "support": 2000.0
      },
      "weighted avg": {
        "precision": 0.9635978232580149,
        "recall": 0.8245,
        "f1-score": 0.8783620266103902,
        "support": 2000.0
      }
    }
  },
  "advanced": {
    "model": "Random Forest",
    "accuracy": 0.9795,
    "precision": 0.9655172413793104,
    "recall": 0.4117647058823529,
    "f1_score": 0.5773195876288659,
    "roc_auc": 0.9630906710510292,
    "confusion_matrix": [
      [
        1931,
        1
      ],
      [
        40,
        28
      ]
    ],
    "classification_report": {
      "0": {
        "precision": 0.9797057331303907,
        "recall": 0.9994824016563147,
        "f1-score": 0.9894952600563669,
        "support": 1932.0
      },
      "1": {
        "precision": 0.9655172413793104,
        "recall": 0.4117647058823529,
        "f1-score": 0.5773195876288659,
        "support": 68.0
      },
      "accuracy": 0.9795,
      "macro avg": {
        "precision": 0.9726114872548506,
        "recall": 0.7056235537693338,
        "f1-score": 0.7834074238426164,
        "support": 2000.0
      },
      "weighted avg": {
        "precision": 0.9792233244108539,
        "recall": 0.9795,
        "f1-score": 0.9754812871938318,
        "support": 2000.0
      }
    }
  }
}